{"cameraMode":{"drawMode":0,"name":"Shaded","section":"Shading Mode"},"sceneLighting":true,"audioPlay":false,"sceneViewState":{"showFog":true,"showMaterialUpdate":false,"showSkybox":true,"showFlares":true,"showImageEffects":true,"showParticleSystems":true},"in2DMode":false,"pivot":{"x":78.87367248535156,"y":30.823333740234376,"z":-5.305912017822266},"rotation":{"x":-0.1748882383108139,"y":0.8093312382698059,"z":-0.2980085611343384,"w":-0.47496116161346438},"size":441.62872314453127,"orthographic":false}